{
  "ingest": {
    "A": {
      "chunks": 1007,
      "content_units": 0,
      "skipped": true
    },
    "B": {
      "chunks": 1007,
      "content_units": 0,
      "skipped": true
    },
    "C": {
      "chunks": 1007,
      "content_units": 0,
      "skipped": true
    }
  },
  "hichunk": {
    "A": {
      "nodes": 1460,
      "skipped": true
    },
    "B": {
      "nodes": 1460,
      "skipped": true
    },
    "C": {
      "nodes": 1460,
      "skipped": true
    }
  },
  "evaluation": {
    "top_k": 10,
    "scenarios": {
      "A": {
        "version_id": "33333333-3333-3333-3333-333333333333",
        "summary": {
          "vector": {
            "mrr": 0.8257575757575758,
            "recall_at_5": 0.8863636363636364,
            "precision_at_3": 0.3636363636363636,
            "ndcg_at_5": 0.7828914744672918,
            "ndcg_at_10": 0.795902524582934,
            "latency_ms": 849.2917065900242
          },
          "keyword": {
            "mrr": 0.9602272727272727,
            "recall_at_5": 0.8409090909090909,
            "precision_at_3": 0.40909090909090906,
            "ndcg_at_5": 0.8646478204057787,
            "ndcg_at_10": 0.8793281800643272,
            "latency_ms": 5.720655277731236
          },
          "hybrid": {
            "mrr": 0.9696969696969697,
            "recall_at_5": 0.8863636363636364,
            "precision_at_3": 0.4242424242424242,
            "ndcg_at_5": 0.8840635177253704,
            "ndcg_at_10": 0.8924889922269006,
            "latency_ms": 40.16100577692586
          }
        }
      },
      "B": {
        "version_id": "44444444-4444-4444-4444-444444444444",
        "summary": {
          "vector": {
            "mrr": 0.8446969696969697,
            "recall_at_5": 0.8863636363636364,
            "precision_at_3": 0.34848484848484845,
            "ndcg_at_5": 0.7963711995577376,
            "ndcg_at_10": 0.8082977844515402,
            "latency_ms": 29.52990513982844
          },
          "keyword": {
            "mrr": 0.9772727272727273,
            "recall_at_5": 0.8863636363636364,
            "precision_at_3": 0.4242424242424242,
            "ndcg_at_5": 0.8901753812655987,
            "ndcg_at_10": 0.8917884819890319,
            "latency_ms": 5.304999993479049
          },
          "hybrid": {
            "mrr": 0.9772727272727273,
            "recall_at_5": 0.8863636363636364,
            "precision_at_3": 0.4242424242424242,
            "ndcg_at_5": 0.8890836292716224,
            "ndcg_at_10": 0.8989079758145102,
            "latency_ms": 42.18130300234241
          }
        }
      },
      "C": {
        "version_id": "55555555-5555-5555-5555-555555555555",
        "summary": {
          "vector": {
            "mrr": 0.8333333333333334,
            "recall_at_5": 0.8636363636363636,
            "precision_at_3": 0.3636363636363636,
            "ndcg_at_5": 0.78641711482082,
            "ndcg_at_10": 0.799161145834156,
            "latency_ms": 19.732840909537945
          },
          "keyword": {
            "mrr": 0.8787878787878788,
            "recall_at_5": 0.8409090909090909,
            "precision_at_3": 0.40909090909090906,
            "ndcg_at_5": 0.815685918687767,
            "ndcg_at_10": 0.8174097129014153,
            "latency_ms": 3.81002837093547
          },
          "hybrid": {
            "mrr": 0.8977272727272727,
            "recall_at_5": 0.8636363636363636,
            "precision_at_3": 0.40909090909090906,
            "ndcg_at_5": 0.8397838864106999,
            "ndcg_at_10": 0.8478260874476551,
            "latency_ms": 22.356960364215244
          }
        }
      }
    },
    "macro": {
      "vector": {
        "mrr": 0.8345959595959597,
        "recall_at_5": 0.8787878787878788,
        "precision_at_3": 0.35858585858585856,
        "ndcg_at_5": 0.7885599296152831,
        "ndcg_at_10": 0.80112048495621,
        "latency_ms": 299.51815087979685
      },
      "keyword": {
        "mrr": 0.9387626262626263,
        "recall_at_5": 0.8560606060606061,
        "precision_at_3": 0.4141414141414141,
        "ndcg_at_5": 0.8568363734530481,
        "ndcg_at_10": 0.8628421249849249,
        "latency_ms": 4.945227880715252
      },
      "hybrid": {
        "mrr": 0.9482323232323232,
        "recall_at_5": 0.8787878787878788,
        "precision_at_3": 0.41919191919191917,
        "ndcg_at_5": 0.8709770111358975,
        "ndcg_at_10": 0.8797410184963553,
        "latency_ms": 34.89975638116117
      }
    }
  }
}